dataset,strategy,model_A,model_B,metric,mean_A,mean_B,t_p_value,wilcoxon_p_value,cohens_d
Bank_Churn,None,Logistic,RandomForest,roc_auc,0.817723347788422,0.8854513554159734,1.5826956188510366e-07,0.0625,-35.082105423781755
Bank_Churn,None,Logistic,XGB,roc_auc,0.817723347788422,0.889622032285113,1.7659927289282983e-07,0.0625,-34.13352701424375
Bank_Churn,None,RandomForest,XGB,roc_auc,0.8854513554159734,0.889622032285113,7.170347475112892e-06,0.0625,-13.501246018952095
Bank_Churn,Class_Weights,Logistic,RandomForest,roc_auc,0.8187028479439856,0.8829602673090061,2.9542375026567557e-08,0.0625,-53.381442165931205
Bank_Churn,Class_Weights,Logistic,XGB,roc_auc,0.8187028479439856,0.8874485765126587,3.3183687696841265e-06,0.0625,-16.3788227466948
Bank_Churn,Class_Weights,RandomForest,XGB,roc_auc,0.8829602673090061,0.8874485765126587,0.03868124607367696,0.125,-1.3562257001105338
Bank_Churn,SMOTE,Logistic,RandomForest,roc_auc,0.8187423008085675,0.8849264697733423,4.410831254333561e-08,0.0625,-48.29034569211524
Bank_Churn,SMOTE,Logistic,XGB,roc_auc,0.8187423008085675,0.8870541012287912,2.0134400784225926e-08,0.0625,-58.75242895180241
Bank_Churn,SMOTE,RandomForest,XGB,roc_auc,0.8849264697733423,0.8870541012287912,0.026109447660447167,0.0625,-1.5418538523440055
